<beans xmlns="http://www.springframework.org/schema/beans"
	xmlns:xsi="http://www.w3.org/2001/XMLSchema-instance"
	xsi:schemaLocation="
       http://www.springframework.org/schema/beans http://www.springframework.org/schema/beans/spring-beans.xsd
       http://camel.apache.org/schema/spring http://camel.apache.org/schema/spring/camel-spring.xsd
    ">

	<!-- this is an included XML file where we only the routeContext for RabbitMQ. -->
	<routeContext id="rabbitMQEndpoint" xmlns="http://camel.apache.org/schema/spring">

		<!-- route to process request from queue. -->
		<route id="request" routePolicyRef="myPolicy">
			<from uri="timer://event?fixedRate=true&amp;period=30000" />
			<!-- Rest call to consume request. -->
			<to uri="http://10.217.100.253:5223/consumer/getMessage" />
			<!-- Mocking the consumed data -->
			<!-- <to uri="mock:consumedDataFromQueue" /> -->
			<!-- UnMarshalling JSON object into Java Object. -->
			<unmarshal ref="jack" />
			<onException>
				<exception>org.apache.camel.InvalidPayloadException</exception>
				<redeliveryPolicy maximumRedeliveries="3" />
				<!-- tell Camel to handle and continue when this exception was thrown -->
				<!-- <continued> <constant>true</constant> </continued> -->
				<handled>
					<constant>true</constant>
				</handled>
			</onException>
			<!-- pass the java object to bean for mapping and processing. -->
			<bean ref="consumerProcess" />
			<!-- log the expected request message. -->
			<log message="RabbitMQ expected
            request message  is :: ${body}" />

			<!-- pass processed fixed length data to simulator(RabbitMQ) -->
			<to uri="ref:producer-rabbitMQ" />
			<!-- mock the object after mapping and processing. -->
			<to uri="mock:excpectedRequest" />
		</route>
		<!-- route to process response from queue -->
		<route id="response" routePolicyRef="myPolicy">
			<!-- get response data from simulator -->
			<from
				uri="rabbitmq://10.217.100.253:5672/thirdparty.response.exchange?queue=thirdparty.response.queue&amp;exchangeType=fanout&amp;durable=true&amp;autoDelete=false">
			</from>
			<!-- log the response message. -->
			<log message="RabbitMQ response is :: ${body}" />
			<!-- Pass the response message for mapping and processing. -->
			<bean ref="producerProcess" />
			<!-- mock the mapped response. -->
			<to uri="mock:excpectedResponseString" />
			<!-- log the mapped response message. -->
			<log
				message="The expected RabbitMQ
            response message is (Fixed Length):: ${body}" />
			<!-- marshal the fixed length data to JSON. -->
			<marshal ref="json" />
			<!-- mock the JSON response. -->
			<to uri="mock:excpectedResponseJSON" />
			<!-- log the JSON response. -->
			<log
				message="The expected RabbitMQ response 
            message is (JSON) :: ${body}" />
			<!-- send response back with rest call. -->
			<setHeader headerName="Content-Type">
				<constant>application/json</constant>
			</setHeader>
			<setHeader headerName="CamelHttpMethod">
				<constant>PUT</constant>
			</setHeader>
			<to uri="http://10.217.100.253:5223/consumer/response" />
		</route>
	</routeContext>

</beans>