<beans xmlns="http://www.springframework.org/schema/beans"
	xmlns:xsi="http://www.w3.org/2001/XMLSchema-instance"
	xsi:schemaLocation="
       http://www.springframework.org/schema/beans http://www.springframework.org/schema/beans/spring-beans.xsd
       http://camel.apache.org/schema/spring http://camel.apache.org/schema/spring/camel-spring.xsd
    ">

	<!-- import the routes from another XML file -->
	<import resource="camel-rabbitMQ-context.xml" />
	<!-- <import resource="camel-tcp-context.xml" /> -->

	<camelContext id="camel-A" xmlns="http://camel.apache.org/schema/spring">

		<!-- Refer camel-rabbitMQ-context file to include the routes -->
		<routeContextRef ref="rabbitMQEndpoint" />
		<!-- Refer camel-tcp-context file to include the routes -->
		<!-- <routeContextRef ref="tcpEndpoint" /> -->

		<!-- Declared the endpoint URL defination -->
		<endpoint id="tcp" uri="mina2:tcp://localhost:8081">
			<property key="sync" value="true" />
			<property key="textline" value="true" />
			<property key="timeout" value="60000" />
		</endpoint>
		<endpoint id="producer-rabbitMQ"
			uri="rabbitmq://10.217.100.253:5672/thirdparty.exchange">
			<property key="exchangeType" value="fanout" />
			<property key="queue" value="thirdparty.queue" />
			<property key="durable" value="true" />
			<property key="autoDelete" value="false" />
		</endpoint>

		<dataFormats>
			<!-- Defined a Json data format with the id jack and that it should use 
				the Customer as the class type when doing UnMarshall. The unmarshalTypeName 
				is optional, if not provided Camel will use a Map as the type. -->
			<json id="jack" library="Jackson" unmarshalTypeName="com.card.source.model.Customer" />
			<!-- Marshall the JSON object -->
			<json id="json" library="Jackson" />
		</dataFormats>

	</camelContext>
	<!-- Inject the beans -->
	<bean id="consumerProcess" class="com.card.processor.ConsumerBeanProcessor" />
	<bean id="producerProcess" class="com.card.processor.ProducerBeanProcessor" />
	<!-- START SNIPPET: e1 -->
	<bean id="myPolicy" class="org.apache.camel.impl.ThrottlingInflightRoutePolicy">
		<!-- define the scope to be context scoped so we measure against total 
			inflight exchanges that means for both route1, route2 and route3 all together -->
		<property name="scope" value="Context" />
		<!-- when we hit > 20 inflight exchanges then kick in and suspend the routes -->
		<property name="maxInflightExchanges" value="20" />
		<!-- when we hit lower than 10% of the max = 2 then kick in and resume 
			the routes the default percentage is 70% but in this demo we want a low value -->
		<property name="resumePercentOfMax" value="10" />
		<!-- output throttling activity at WARN level -->
		<property name="loggingLevel" value="WARN" />
	</bean>
	<!-- END SNIPPET: e1 -->


</beans>
