<?xml version="1.0" encoding="UTF-8"?>
<mappings xmlns="http://dozer.sourceforge.net" xmlns:xsi="http://www.w3.org/2001/XMLSchema-instance"
xsi:schemaLocation="http://dozer.sourceforge.net
          http://dozer.sourceforge.net/schema/beanmapping.xsd">
	<mapping>

		<class-a>com.card.source.model.Customer</class-a>
		<class-b>com.card.destination.model.CustomerDestination</class-b>
		<field>
            <a>sourceIdentifier</a>
            <b>sourceIdentifier</b>
        </field>
        <field>
            <a>correlationID</a>
            <b>correlationID</b>
        </field>
		<field>
			<a>firstName</a>
			<b>firstName</b>
		</field>
		<field>
			<a>lastName</a>
			<b>lastName</b>
		</field>
		<field>
			<a>mobileNumber</a>
			<b>mobileNumber</b>
		</field>
		<field>
			<a>emailAddress</a>
			<b>emailAddress</b>
		</field>
		<field custom-converter="com.card.customconverters.DateToStringConverter">
			<a>dob</a>
			<b>dob</b>
		</field>
		<field>
			<a>address.buildingName</a>
			<b>buildingName</b>
		</field>
		<field>
			<a>address.streetName</a>
			<b>streetName</b>
		</field>
		<field>
			<a>address.pincode</a>
			<b>postalCode</b>
		</field>
		
	</mapping>

	<mapping>
		<class-a>com.card.destination.model.ResponseFromDestination</class-a>
		<class-b>com.card.source.model.Response</class-b>
		<field>
			<a>SuccessMessage</a>
			<b>SuccessMessage</b>
		</field>
		<field>
            <a>errorCode</a>
            <b>errorCode</b>
        </field>
		<field>
            <a>sourceIdentifier</a>
            <b>sourceIdentifier</b>
        </field>
        <field>
            <a>correlationID</a>
            <b>correlationID</b>
        </field>
	</mapping>
</mappings>
